Delta,Time,CORE0_ENERGY (J),CORE0_FREQ (MHZ),CORE0_PSTATE,CORE0_VOLT (V),CPU_ENERGY (J),CPU_FREQUENCY_0,CPU_FREQUENCY_1,CPU_FREQUENCY_10,CPU_FREQUENCY_11,CPU_FREQUENCY_12,CPU_FREQUENCY_13,CPU_FREQUENCY_14,CPU_FREQUENCY_15,CPU_FREQUENCY_2,CPU_FREQUENCY_3,CPU_FREQUENCY_4,CPU_FREQUENCY_5,CPU_FREQUENCY_6,CPU_FREQUENCY_7,CPU_FREQUENCY_8,CPU_FREQUENCY_9,CPU_USAGE_0,CPU_USAGE_1,CPU_USAGE_10,CPU_USAGE_11,CPU_USAGE_12,CPU_USAGE_13,CPU_USAGE_14,CPU_USAGE_15,CPU_USAGE_2,CPU_USAGE_3,CPU_USAGE_4,CPU_USAGE_5,CPU_USAGE_6,CPU_USAGE_7,CPU_USAGE_8,CPU_USAGE_9,TOTAL_MEMORY,TOTAL_SWAP,USED_MEMORY,USED_SWAP
0,1772042496539,10147.345153808594,4850,0,0.4750000000000001,114149.85502624512,4201,4201,4201,4201,4201,4201,4201,4201,4201,4201,4201,4201,4201,4201,4201,4201,100,100,100,100,100,100,100,100,100,100,100,100,100,100,100,100,33411727360,21474836480,4280045568,0
200,1772042496539,10147.346099853516,4850,0,0.44999999999999996,114149.88581848145,4201,4201,4201,4201,4201,4201,4201,4201,4201,4201,4201,4201,4201,4201,4201,4201,100,100,100,100,100,100,100,100,100,100,100,100,100,100,100,100,33411727360,21474836480,4280086528,0
200,1772042496740,8481.995849609375,4925,0,0.41874999999999996,114155.06420898438,4201,4201,4201,4201,4201,4201,4201,4201,4201,4201,4201,4201,4201,4201,4201,4201,6.283424377441406,5.213592529296875,4.3024749755859375,4.128173828125,3.9730682373046875,3.9072265625,4.073394775390625,4.0199127197265625,89.79895782470703,4.1038360595703125,4.300209045410156,4.034149169921875,5.297760009765625,4.117301940917969,6.365570068359375,8.426651000976563,33411727360,21474836480,8582447104,0
200,1772042496940,10148.508071899414,4850,0,0.4750000000000001,114159.46968078613,4201,4201,4201,4201,4201,4201,4201,4201,4201,4201,4201,4201,4201,4201,4201,4201,1.7602310180664063,0.4245452880859375,0.2685546875,0.2176361083984375,0.17316436767578125,0.22882080078125,0.4868927001953125,0.2190399169921875,18.71509552001953,1.5344085693359375,0.315277099609375,0.26975250244140625,0.2602691650390625,0.2696533203125,2.5936508178710938,0.46732330322265625,33411727360,21474836480,7697698816,0
200,1772042497140,10148.757583618164,3366.6666666666665,1,0.42500000000000004,114164.80183410645,4201,4201,4201,4201,4201,4201,4201,4201,4201,4201,4201,4201,4201,4201,4201,4201,1.1969146728515625,0.21871185302734375,0.6768035888671875,0.08872222900390625,0.043060302734375,0.7698135375976563,0.15369415283203125,0.31512451171875,20.54187774658203,2.0243606567382813,0.5746002197265625,0.1894683837890625,0.4482574462890625,0.320709228515625,52.37908172607422,0.19066619873046875,33411727360,21474836480,6446948352,0
199,1772042497341,10148.774841308594,3366.6666666666665,1,0.41874999999999996,114170.26538085938,4201,4201,4201,4201,4201,4201,4201,4201,4201,4201,4201,4201,4201,4201,4201,4201,0.3836212158203125,0.3323211669921875,0.301666259765625,0.32763671875,0.48856353759765625,0.2934417724609375,0.3951873779296875,0.2837677001953125,4.5445556640625,0.5984954833984375,0.2912445068359375,0.26113128662109375,0.252655029296875,0.3836212158203125,100,0.33576202392578125,33411727360,21474836480,8356745216,0
200,1772042497541,8484.192474365234,4040,1,0.4125000000000001,114174.93049621582,4201,4201,4201,4201,4201,4201,4201,4201,4201,4201,4201,4201,4201,4201,4201,4201,2.5592117309570313,0.7912750244140625,1.1357650756835938,0.3941650390625,0.22646331787109375,0.2365570068359375,0.47066497802734375,0.3680267333984375,7.853874206542969,2.6298675537109375,0.2458038330078125,0.2878265380859375,0.35663604736328125,0.609283447265625,40.9207878112793,0.8759231567382813,33411727360,21474836480,10046210048,0
199,1772042497742,8484.350708007813,4040,1,0.41874999999999996,114179.58018493652,4201,4201,4201,4201,4201,4201,4201,4201,4201,4201,4201,4201,4201,4201,4201,4201,0.3819122314453125,0.38381195068359375,0.04264068603515625,0.0211944580078125,0.0154571533203125,0.02618408203125,0.07979583740234375,0.07256317138671875,30.925941467285156,0.8409347534179688,0,0.00064849853515625,0.00618743896484375,0.16068267822265625,2.9045562744140625,0.673614501953125,33411727360,21474836480,8609669120,0
200,1772042497942,8484.377838134766,4040,1,0.41874999999999996,114185.39781188965,4201,4201,4201,4201,4201,4201,4201,4201,4201,4201,4201,4201,4201,4201,4201,4201,0.96600341796875,1.34405517578125,0.372955322265625,0.33405303955078125,0.2778167724609375,0.27877044677734375,0.306732177734375,0.40007781982421875,100,0.5371627807617188,0.6265029907226563,0.7244873046875,0.3651123046875,0.68768310546875,3.2908859252929688,1.47235107421875,33411727360,21474836480,9135779840,0
199,1772042498142,8484.409393310547,4040,1,0.42500000000000004,114190.67796325684,4201,4201,4201,4201,4201,4201,4201,4201,4201,4201,4201,4201,4201,4201,4201,4201,1.154052734375,0.38980865478515625,0.13835906982421875,0.3266448974609375,0.0268096923828125,0.1208343505859375,0.15853118896484375,0.122833251953125,99.30805969238281,0.12163543701171875,0.32784271240234375,0.32065582275390625,0.19722747802734375,0.22314453125,3.7299423217773438,1.0426559448242188,33411727360,21474836480,9595154432,0
200,1772042498342,8484.431823730469,3366.6666666666665,1,0.42500000000000004,114196.27809143066,4201,4201,4201,4201,4201,4201,4201,4201,4201,4201,4201,4201,4201,4201,4201,4201,0.99169921875,0.7233123779296875,0.16608428955078125,0.21271514892578125,0.14853668212890625,0.19817352294921875,0.20037078857421875,0.25139617919921875,100,4.6880645751953125,0.125946044921875,0.17168426513671875,0.9785079956054688,0.365203857421875,3.0128402709960938,1.4788055419921875,33411727360,21474836480,11084881920,0
200,1772042498543,8484.438995361328,3366.6666666666665,1,0.42500000000000004,114201.84701538086,4201,4201,4201,4201,4201,4201,4201,4201,4201,4201,4201,4201,4201,4201,4201,4201,1.3863296508789063,0.30963897705078125,0.1473846435546875,0.3528594970703125,0.1063079833984375,0.12168121337890625,0.12757110595703125,0.14054107666015625,100,0.145782470703125,0.5139617919921875,0.1601104736328125,0.16684722900390625,0.201934814453125,1.308868408203125,0.437652587890625,33411727360,21474836480,12597714944,0
200,1772042498743,8484.44662475586,3366.6666666666665,1,0.42500000000000004,114207.41567993164,4201,4201,4201,4201,4201,4201,4201,4201,4201,4201,4201,4201,4201,4201,4201,4201,0.207275390625,0.30605316162109375,0.14434814453125,0.1221160888671875,0.0812225341796875,0.09763336181640625,0.09409332275390625,0.15337371826171875,100,0.11742401123046875,0.0709075927734375,0.12296295166015625,0.11468505859375,0.14754486083984375,0.6467666625976563,0.6971282958984375,33411727360,21474836480,14113173504,0
199,1772042498943,8484.459091186523,4040,1,0.40625,114212.86265563965,4201,4201,4201,4201,4201,4201,4201,4201,4201,4201,4201,4201,4201,4201,4201,4201,0.23995208740234375,0.35408782958984375,0.18370819091796875,0.1890411376953125,0.15904998779296875,0.18006134033203125,0.16608428955078125,0.227874755859375,99.9569320678711,0.1773681640625,0.26490020751953125,0.14572906494140625,0.48987579345703125,0.27532958984375,0.904052734375,1.983917236328125,33411727360,21474836480,9566232576,0
200,1772042499144,8484.47689819336,3366.6666666666665,1,0.39375000000000004,114218.82702636719,4201,4201,4201,4201,4201,4201,4201,4201,4201,4201,4201,4201,4201,4201,4201,4201,1.3748931884765625,49.830204010009766,0.0439300537109375,0.042877197265625,0,0,0.00115203857421875,0.0112457275390625,100,0.6311492919921875,0,0,0.5208511352539063,0.22708892822265625,3.785400390625,0.6508941650390625,33411727360,21474836480,9694412800,0
200,1772042499344,8484.499542236328,3366.6666666666665,1,0.40625,114224.4250793457,4201,4201,4201,4201,4201,4201,4201,4201,4201,4201,4201,4201,4201,4201,4201,4201,0.36908721923828125,18.405548095703125,0.47265625,0.36495208740234375,0.3441619873046875,0.27764129638671875,0.4958953857421875,0.25365447998046875,100,0.263031005859375,0.31284332275390625,0.2545013427734375,0.514190673828125,0.31130218505859375,2.1687698364257813,1.8051605224609375,33411727360,21474836480,9855393792,0
200,1772042499545,8484.506042480469,3350,1,0.41874999999999996,114229.7310180664,4201,4201,4201,4201,4201,4201,4201,4201,4201,4201,4201,4201,4201,4201,4201,4201,0.8188858032226563,0.210784912109375,0.15575408935546875,0.110504150390625,0.06340789794921875,0.08660888671875,0.05208587646484375,0.07867431640625,100,0.16942596435546875,0.0780792236328125,0.09079742431640625,0.14078521728515625,0.12966156005859375,0.8994064331054688,0.34583282470703125,33411727360,21474836480,10024980480,0
200,1772042499745,8484.510925292969,3366.6666666666665,1,0.40625,114235.06581115723,4201,4201,4201,4201,4201,4201,4201,4201,4201,4201,4201,4201,4201,4201,4201,4201,0.7917709350585938,0.239959716796875,0.056396484375,0.08641815185546875,0.056243896484375,0.0637359619140625,0.03466796875,0.07622528076171875,100,0.089263916015625,0.078369140625,0.08026885986328125,0.11563873291015625,0.1224822998046875,0.3859710693359375,0.6059494018554688,33411727360,21474836480,10193690624,0
200,1772042499945,8484.538879394531,3366.6666666666665,1,0.40625,114240.44981384277,4201,4201,4201,4201,4201,4201,4201,4201,4201,4201,4201,4201,4201,4201,4201,4201,0.3263397216796875,0.23209381103515625,0.128570556640625,0.1396942138671875,0.107666015625,0.1341094970703125,0.13515472412109375,0.135101318359375,100,1.543975830078125,0.13475799560546875,0.121185302734375,0.17900848388671875,0.19936370849609375,0.4625396728515625,2.9227676391601563,33411727360,21474836480,10359336960,0
200,1772042500145,8484.551483154297,3350,1,0.3999999999999999,114245.8179321289,4201,4201,4201,4201,4201,4201,4201,4201,4201,4201,4201,4201,4201,4201,4201,4201,1.51239013671875,0.37834930419921875,0.12952423095703125,0.14196014404296875,0.065460205078125,0.10071563720703125,0.1067047119140625,0.11154937744140625,100,0.18849945068359375,0.11888885498046875,0.9478378295898438,0.16757965087890625,0.49803924560546875,2.0158233642578125,0.8779830932617188,33411727360,21474836480,10527371264,0
200,1772042500346,8484.558242797852,3366.6666666666665,1,0.41874999999999996,114251.15802001953,4201,4201,4201,4201,4201,4201,4201,4201,4201,4201,4201,4201,4201,4201,4201,4201,0.30631256103515625,0.17083740234375,0.13043212890625,0.1578216552734375,0.22435760498046875,0.29109954833984375,0.32047271728515625,0.10913848876953125,100,0.31040191650390625,0.44457244873046875,0.08205413818359375,0.1007080078125,0.14898681640625,1.316070556640625,0.755523681640625,33411727360,21474836480,10696204288,0
199,1772042500546,8484.567825317383,4020.0000000000005,1,0.42500000000000004,114256.49897766113,4201,4201,4201,4201,4201,4201,4201,4201,4201,4201,4201,4201,4201,4201,4201,4201,0.209442138671875,0.18926239013671875,0.1603546142578125,0.1795806884765625,0.1136627197265625,0.13703155517578125,0.1026763916015625,0.16120147705078125,100,0.1144561767578125,0.39865875244140625,0.16155242919921875,0.15190887451171875,0.24509429931640625,2.0440673828125,0.35800933837890625,33411727360,21474836480,10865676288,0
200,1772042500746,8484.575210571289,3366.6666666666665,1,0.42500000000000004,114261.82588195801,4201,4201,4201,4201,4201,4201,4201,4201,4201,4201,4201,4201,4201,4201,4201,4201,1.4573287963867188,0.2895660400390625,0.098724365234375,0.15062713623046875,0.052459716796875,0.09247589111328125,0.0807342529296875,0.08863067626953125,100,0.090728759765625,0.089874267578125,0.08428192138671875,0.16336822509765625,0.177459716796875,0.939697265625,0.8121490478515625,33411727360,21474836480,11036008448,0
200,1772042500947,8484.59375,3366.6666666666665,1,0.42500000000000004,114267.18702697754,4201,4201,4201,4201,4201,4201,4201,4201,4201,4201,4201,4201,4201,4201,4201,4201,0.20037078857421875,0.2109527587890625,0.11011505126953125,0.1216888427734375,0.09165191650390625,0.08885955810546875,0.081878662109375,0.083221435546875,100,0.19199371337890625,0.1196441650390625,0.09679412841796875,0.43831634521484375,0.14040374755859375,0.46196746826171875,3.1744003295898438,33411727360,21474836480,11201613824,0
200,1772042501147,8484.606018066406,3316.6666666666665,1,0.41874999999999996,114272.52992248535,4201,4201,4201,4201,4201,4201,4201,4201,4201,4201,4201,4201,4201,4201,4201,4201,1.7852249145507813,0.33007049560546875,0.1185455322265625,0.155548095703125,0.07330322265625,0.10840606689453125,0.08978271484375,0.09812164306640625,100,0.14296722412109375,0.081695556640625,0.17891693115234375,0.5602188110351563,0.15290069580078125,1.108306884765625,0.7746429443359375,33411727360,21474836480,11368587264,0
200,1772042501348,8484.638778686523,3350,1,0.4125000000000001,114277.93647766113,4201,4201,4201,4201,4201,4201,4201,4201,4201,4201,4201,4201,4201,4201,4201,4201,0.9582748413085938,0.5081710815429688,0.144775390625,0.21307373046875,0.0892486572265625,0.10317230224609375,0.12117767333984375,0.1685791015625,100,0.09119415283203125,0.09893035888671875,0.119232177734375,0.29120635986328125,0.6978530883789063,2.3775177001953125,2.8492202758789063,33411727360,21474836480,11539435520,0
200,1772042501548,4689.175933837891,4040,1,0.42500000000000004,114283.26565551758,4201,4201,4201,4201,4201,4201,4201,4201,4201,4201,4201,4201,4201,4201,4201,4201,1.457427978515625,0.2103271484375,0.06916046142578125,0.09429168701171875,0.119873046875,0.11508941650390625,0.04976654052734375,0.0634307861328125,100,0.06646728515625,0.12465667724609375,0.16944122314453125,0.1398162841796875,0.2716064453125,1.2086563110351563,0.5080642700195313,33411727360,21474836480,11707449344,0
200,1772042501749,4689.189208984375,4020.0000000000005,1,0.40625,114288.88568115234,4201,4201,4201,4201,4201,4201,4201,4201,4201,4201,4201,4201,4201,4201,4201,4201,2.0690765380859375,0.40302276611328125,0.15984344482421875,0.14517974853515625,0.105926513671875,0.2457733154296875,0.38426971435546875,0.10747528076171875,100,0.1095733642578125,0.10892486572265625,0.16503143310546875,0.17958831787109375,0.361480712890625,54.479278564453125,0.45095062255859375,33411727360,21474836480,11873808384,0
200,1772042501949,8484.929321289063,4040,1,0.42500000000000004,114294.21322631836,4201,4201,4201,4201,4201,4201,4201,4201,4201,4201,4201,4201,4201,4201,4201,4201,0.209716796875,0.16770172119140625,0.12868499755859375,0.12429046630859375,0.09819793701171875,0.40590667724609375,0.10797882080078125,0.130279541015625,100,0.1358184814453125,0.11236572265625,0.120147705078125,0.1162109375,0.189208984375,2.5366363525390625,0.31145477294921875,33411727360,21474836480,12043755520,0
200,1772042502149,8484.94253540039,3350,1,0.40625,114299.5498046875,4201,4201,4201,4201,4201,4201,4201,4201,4201,4201,4201,4201,4201,4201,4201,4201,0.37781524658203125,0.37262725830078125,0.1866607666015625,0.1038818359375,0.08692169189453125,0.09989166259765625,0.3702850341796875,0.13031005859375,100,0.1029815673828125,1.022491455078125,0.17055511474609375,0.17778778076171875,0.1914520263671875,0.48773193359375,1.2933349609375,33411727360,21474836480,12211798016,0
200,1772042502350,8484.961547851563,3350,1,0.40625,114304.89668273926,4201,4201,4201,4201,4201,4201,4201,4201,4201,4201,4201,4201,4201,4201,4201,4201,1.4605026245117188,0.37133026123046875,0.4014434814453125,0.15692138671875,0.094390869140625,0.09389495849609375,0.15792083740234375,0.1135711669921875,100,0.1093292236328125,0.1192626953125,0.36798095703125,0.223297119140625,0.2549591064453125,2.1324462890625,2.1302490234375,33411727360,21474836480,12380692480,0
200,1772042502550,8484.967636108398,4020.0000000000005,1,0.40625,114310.20835876465,4201,4201,4201,4201,4201,4201,4201,4201,4201,4201,4201,4201,4201,4201,4201,4201,0.2355804443359375,0.28217315673828125,0.0909423828125,0.10268402099609375,0.07456207275390625,0.091644287109375,0.10912322998046875,0.1808929443359375,100,0.098236083984375,0.0742645263671875,0.14073944091796875,0.1068267822265625,0.13140106201171875,0.34874725341796875,0.6191864013671875,33411727360,21474836480,12544675840,0
200,1772042502750,8484.973236083984,3350,1,0.40625,114315.57429504395,4201,4201,4201,4201,4201,4201,4201,4201,4201,4201,4201,4201,4201,4201,4201,4201,1.179473876953125,0.21796417236328125,0.0891571044921875,0.1289520263671875,0.03824615478515625,0.09180450439453125,0.05649566650390625,0.0872650146484375,100,2.315216064453125,0.09664154052734375,0.09703826904296875,0.13478851318359375,0.14002227783203125,0.6599197387695313,0.37798309326171875,33411727360,21474836480,12713496576,0
200,1772042502951,8485.001663208008,4020.0000000000005,1,0.40625,114320.95640563965,4201,4201,4201,4201,4201,4201,4201,4201,4201,4201,4201,4201,4201,4201,4201,4201,0.5576553344726563,0.5690765380859375,0.36162567138671875,0.07463836669921875,0.0462493896484375,0.0826263427734375,0.06011962890625,0.09075164794921875,100,0.1581573486328125,0.07738494873046875,0.07159423828125,0.12178802490234375,0.1372528076171875,1.3546981811523438,2.7217636108398438,33411727360,21474836480,12880998400,0
199,1772042503152,8485.009307861328,4040,1,0.42500000000000004,114326.3671875,4201,4201,4201,4201,4201,4201,4201,4201,4201,4201,4201,4201,4201,4201,4201,4201,0,0.9899749755859375,0,0,0,0,0,0,100,0,0,0,0,0,0.006134033203125,0.33837127685546875,33411727360,21474836480,13051158528,0
200,1772042503352,8485.015747070313,4040,1,0.42500000000000004,114331.66209411621,4201,4201,4201,4201,4201,4201,4201,4201,4201,4201,4201,4201,4201,4201,4201,4201,1.8203048706054688,0.55908203125,0.51324462890625,0.5376358032226563,0.5531463623046875,0.5100555419921875,0.48291778564453125,0.5175857543945313,100,1.9014053344726563,0.5089035034179688,0.5082550048828125,0.5527496337890625,0.615692138671875,1.3305511474609375,0.84124755859375,33411727360,21474836480,13217869824,0
200,1772042503552,8485.021011352539,4020.0000000000005,1,0.41874999999999996,114336.9938659668,4201,4201,4201,4201,4201,4201,4201,4201,4201,4201,4201,4201,4201,4201,4201,4201,0.3334197998046875,0.28905487060546875,0.11917877197265625,0.10999298095703125,0.04302215576171875,0.08753204345703125,0.13105010986328125,0.18964385986328125,100,0.1110382080078125,0.21804046630859375,0.0958709716796875,0.1744232177734375,0.133697509765625,0.5038528442382813,0.8340301513671875,33411727360,21474836480,13385084928,0
200,1772042503753,8485.03012084961,4020.0000000000005,1,0.41874999999999996,114342.39950561523,4201,4201,4201,4201,4201,4201,4201,4201,4201,4201,4201,4201,4201,4201,4201,4201,0.3416595458984375,0.29656982421875,0.18769073486328125,0.1572113037109375,0.07491302490234375,0.10140228271484375,0.1638946533203125,0.27552032470703125,100,0.1033477783203125,0.1093292236328125,0.145843505859375,0.12464141845703125,0.431884765625,2.0697097778320313,0.4198150634765625,33411727360,21474836480,13554528256,0
200,1772042503953,8485.052627563477,3350,1,0.3999999999999999,114347.73315429688,4201,4201,4201,4201,4201,4201,4201,4201,4201,4201,4201,4201,4201,4201,4201,4201,1.51019287109375,0.15169525146484375,0.0958251953125,0.15708160400390625,0.20452117919921875,0.101409912109375,0.07273101806640625,0.09552764892578125,100,0.1158294677734375,0.09726715087890625,0.10779571533203125,0.39711761474609375,0.18805694580078125,2.0187454223632813,1.6673202514648438,33411727360,21474836480,13723303936,0
200,1772042504154,8485.057723999023,3350,1,0.3999999999999999,114353.0831451416,4201,4201,4201,4201,4201,4201,4201,4201,4201,4201,4201,4201,4201,4201,4201,4201,0.28614044189453125,0.2595062255859375,0.11009979248046875,0.12366485595703125,0.0970306396484375,0.0916900634765625,0.10790252685546875,0.110198974609375,100,0.10695648193359375,0.13079833984375,1.0669479370117188,0.11932373046875,0.20148468017578125,0.43100738525390625,0.7318191528320313,33411727360,21474836480,13891350528,0
200,1772042504354,8485.06802368164,3350,1,0.40625,114358.45933532715,4201,4201,4201,4201,4201,4201,4201,4201,4201,4201,4201,4201,4201,4201,4201,4201,0.9929275512695313,0.4606475830078125,0.19463348388671875,0.27693939208984375,0.141510009765625,0.413360595703125,0.16844940185546875,0.1305389404296875,100,5.279365539550781,0.13567352294921875,0.15991973876953125,0.2076568603515625,0.16535186767578125,1.9985198974609375,0.7279586791992188,33411727360,21474836480,14056521728,0
200,1772042504555,4689.287643432617,3366.6666666666665,1,0.40625,114363.81907653809,4201,4201,4201,4201,4201,4201,4201,4201,4201,4201,4201,4201,4201,4201,4201,4201,0.575592041015625,0.18338775634765625,0.05690765380859375,0.0572052001953125,0.00673675537109375,0.0687255859375,0.062744140625,0.062042236328125,100,0.03127288818359375,0.06822967529296875,0.05596160888671875,0.054412841796875,0.314208984375,0.161590576171875,0.668060302734375,33411727360,21474836480,14222155776,0
200,1772042504755,8485.08251953125,3350,1,0.40625,114369.17672729492,4201,4201,4201,4201,4201,4201,4201,4201,4201,4201,4201,4201,4201,4201,4201,4201,0.5145721435546875,0.20365142822265625,0.17566680908203125,0.17177581787109375,0.12517547607421875,0.1309661865234375,0.13809967041015625,0.12642669677734375,100,0.1476287841796875,0.1428375244140625,0.151519775390625,0.14892578125,0.1741180419921875,0.3891448974609375,1.9209365844726563,33411727360,21474836480,14392090624,0
200,1772042504956,8485.090576171875,3350,1,0.40625,114374.50744628906,4201,4201,4201,4201,4201,4201,4201,4201,4201,4201,4201,4201,4201,4201,4201,4201,1.1617431640625,0.31488037109375,0.16732025146484375,0.12416839599609375,0.0736846923828125,0.08715057373046875,0.05158233642578125,0.1146392822265625,100,0.12786102294921875,0.14397430419921875,0.10515594482421875,0.1600341796875,0.22972869873046875,1.3146438598632813,0.27866363525390625,33411727360,21474836480,14559137792,0
200,1772042505156,8485.098251342773,3350,1,0.41874999999999996,114379.86763000488,4201,4201,4201,4201,4201,4201,4201,4201,4201,4201,4201,4201,4201,4201,4201,4201,1.0343856811523438,0.245330810546875,0.1377716064453125,0.14611053466796875,0.11515045166015625,0.11185455322265625,0.12558746337890625,0.11759185791015625,100,0.16828155517578125,0.397430419921875,0.19573974609375,0.14266204833984375,0.1955413818359375,1.7087554931640625,0.7847213745117188,33411727360,21474836480,14729945088,0
200,1772042505356,8485.114501953125,3350,1,0.3999999999999999,114385.25810241699,4201,4201,4201,4201,4201,4201,4201,4201,4201,4201,4201,4201,4201,4201,4201,4201,1.9392623901367188,0.3964385986328125,0.40697479248046875,0.18990325927734375,0.35195159912109375,0.28418731689453125,0.197998046875,0.32183837890625,100,0.2254638671875,0.29906463623046875,0.43878936767578125,0.6731338500976563,0.7361526489257813,1.51580810546875,2.303741455078125,33411727360,21474836480,14894149632,0
200,1772042505556,8485.118774414063,3350,1,0.40625,114390.5806274414,4201,4201,4201,4201,4201,4201,4201,4201,4201,4201,4201,4201,4201,4201,4201,4201,0.909210205078125,0.2505035400390625,0.07259368896484375,0.05572509765625,0.04705047607421875,0.06450653076171875,0.04929351806640625,0.07204437255859375,100,0.0779266357421875,0.0732879638671875,0.06081390380859375,0.07558441162109375,0.14183807373046875,0.35577392578125,0.7241134643554688,33411727360,21474836480,15062458368,0
199,1772042505757,8485.129013061523,4040,1,0.41874999999999996,114395.90351867676,4201,4201,4201,4201,4201,4201,4201,4201,4201,4201,4201,4201,4201,4201,4201,4201,0.2569122314453125,0.23807525634765625,0.1260833740234375,0.12268829345703125,0.0841217041015625,0.11429595947265625,0.35771942138671875,0.14771270751953125,100,0.13747406005859375,0.1233367919921875,0.1275787353515625,0.18332672119140625,0.18732452392578125,0.42250823974609375,2.1825714111328125,33411727360,21474836480,15230889984,0
200,1772042505957,8485.157348632813,3350,1,0.42500000000000004,114401.29551696777,4201,4201,4201,4201,4201,4201,4201,4201,4201,4201,4201,4201,4201,4201,4201,4201,1.3963851928710938,0.15074920654296875,0.118865966796875,0.09912872314453125,0.04106903076171875,0.0942840576171875,0.058258056640625,0.0875396728515625,100,0.0684051513671875,0.111572265625,0.0887908935546875,0.111572265625,0.1514434814453125,0.9082717895507813,3.0663833618164063,33411727360,21474836480,15400595456,0
200,1772042506157,8485.165573120117,3366.6666666666665,1,0.42500000000000004,114406.59576416016,4201,4201,4201,4201,4201,4201,4201,4201,4201,4201,4201,4201,4201,4201,4201,4201,0.5652847290039063,0.3213043212890625,0.15972900390625,0.19568634033203125,0.1849517822265625,0.2819976806640625,0.15457916259765625,0.1615753173828125,100,0.2322998046875,1.1957550048828125,0.1866455078125,0.22805023193359375,0.17685699462890625,1.6101531982421875,0.7570266723632813,33411727360,21474836480,15566258176,0
200,1772042506357,8485.183883666992,3366.6666666666665,1,0.42500000000000004,114412.0129699707,4201,4201,4201,4201,4201,4201,4201,4201,4201,4201,4201,4201,4201,4201,4201,4201,0.37542724609375,0.7024993896484375,0.36420440673828125,0.14422607421875,0.36519622802734375,0.094818115234375,0.1935272216796875,0.10984039306640625,100,0.5681610107421875,0.1723175048828125,0.42423248291015625,1.7628173828125,0.22811126708984375,1.6267776489257813,0.6148681640625,33411727360,21474836480,15733555200,0
200,1772042506558,8485.192260742188,3350,1,0.40625,114417.34606933594,4201,4201,4201,4201,4201,4201,4201,4201,4201,4201,4201,4201,4201,4201,4201,4201,1.3960647583007813,0.27008819580078125,0.10205841064453125,0.1481170654296875,0.05449676513671875,0.0754547119140625,0.05629730224609375,0.0861358642578125,100,0.0745086669921875,0.0851898193359375,0.08234405517578125,0.15645599365234375,0.28147125244140625,0.91741943359375,0.758270263671875,33411727360,21474836480,15902871552,0
200,1772042506758,8485.199157714844,4040,1,0.41874999999999996,114422.69233703613,4201,4201,4201,4201,4201,4201,4201,4201,4201,4201,4201,4201,4201,4201,4201,4201,0.26284027099609375,0.23215484619140625,0.1586151123046875,0.1377105712890625,0.9896087646484375,0.131622314453125,0.11191558837890625,0.14569091796875,100,0.135162353515625,0.25890350341796875,0.15262603759765625,0.1665496826171875,0.19528961181640625,0.41417694091796875,1.4081192016601563,33411727360,21474836480,16073355264,0
200,1772042506959,8485.214462280273,3350,1,0.42500000000000004,114428.02578735352,4201,4201,4201,4201,4201,4201,4201,4201,4201,4201,4201,4201,4201,4201,4201,4201,0.8767242431640625,0.23258209228515625,0.07709503173828125,0.1052398681640625,0.012176513671875,0.0762481689453125,0.0544891357421875,0.057037353515625,100,0.13028717041015625,0.070556640625,0.07324981689453125,0.1023406982421875,0.144805908203125,0.935760498046875,1.5771636962890625,33411727360,21474836480,16236888064,0
200,1772042507159,8485.228897094727,3350,1,0.3999999999999999,114433.3984375,4201,4201,4201,4201,4201,4201,4201,4201,4201,4201,4201,4201,4201,4201,4201,4201,1.118377685546875,1.0868682861328125,0.12787628173828125,0.1241302490234375,0.0894775390625,0.11139678955078125,0.09632110595703125,0.1267242431640625,100,0.18439483642578125,0.12877655029296875,0.3650054931640625,0.117340087890625,0.1976776123046875,1.3551025390625,1.4927597045898438,33411727360,21474836480,16406102016,0
200,1772042507359,8485.253128051758,3350,1,0.40625,114438.75773620605,4201,4201,4201,4201,4201,4201,4201,4201,4201,4201,4201,4201,4201,4201,4201,4201,0.220733642578125,0.119354248046875,0.074859619140625,0.10807037353515625,0.08809661865234375,0.08814239501953125,0.1372833251953125,0.06926727294921875,100,0.12454986572265625,0.140533447265625,0.13763427734375,0.232574462890625,0.6933746337890625,0.49330902099609375,2.8208847045898438,33411727360,21474836480,16575492096,0
200,1772042507560,8485.263748168945,3350,1,0.41874999999999996,114444.12275695801,4201,4201,4201,4201,4201,4201,4201,4201,4201,4201,4201,4201,4201,4201,4201,4201,1.3413925170898438,0.34894561767578125,0.116546630859375,0.2241668701171875,0.35692596435546875,0.1143035888671875,0.10137939453125,0.10546875,100,0.12398529052734375,0.11959075927734375,0.09888458251953125,0.13640594482421875,0.16159820556640625,0.9054412841796875,1.7540054321289063,33411727360,21474836480,16744759296,0
200,1772042507760,8485.270523071289,3366.6666666666665,1,0.42500000000000004,114449.46478271484,4201,4201,4201,4201,4201,4201,4201,4201,4201,4201,4201,4201,4201,4201,4201,4201,0.36083221435546875,0.23317718505859375,0.1355438232421875,0.15210723876953125,0.06545257568359375,0.1070098876953125,0.0931396484375,0.22948455810546875,100,0.10271453857421875,0.09807586669921875,0.1168365478515625,0.224090576171875,0.12646484375,0.39316558837890625,0.32915496826171875,33411727360,21474836480,16915542016,0
200,1772042507960,8485.278549194336,3350,1,0.40625,114454.80227661133,4201,4201,4201,4201,4201,4201,4201,4201,4201,4201,4201,4201,4201,4201,4201,4201,0.16791534423828125,0.37438201904296875,0.09642791748046875,0.09961700439453125,0.05068206787109375,0.09039306640625,0.0980224609375,0.11293792724609375,100,0.135589599609375,0.0765228271484375,0.08904266357421875,0.1176300048828125,0.131195068359375,1.9502410888671875,0.31656646728515625,33411727360,21474836480,17077084160,0
200,1772042508161,8485.287643432617,3350,1,0.3999999999999999,114460.13482666016,4201,4201,4201,4201,4201,4201,4201,4201,4201,4201,4201,4201,4201,4201,4201,4201,1.6018753051757813,1.1179733276367188,0.08582305908203125,0.14841461181640625,0.06324005126953125,0.09876251220703125,0.08457183837890625,0.14366912841796875,100,0.19232177734375,0.09136199951171875,0.9228515625,0.25386810302734375,0.2355804443359375,1.79754638671875,0.9078598022460938,33411727360,21474836480,17246236672,0
200,1772042508361,8485.300582885742,3350,1,0.4125000000000001,114465.47035217285,4201,4201,4201,4201,4201,4201,4201,4201,4201,4201,4201,4201,4201,4201,4201,4201,0.25301361083984375,0.31807708740234375,0.5498809814453125,0.35344696044921875,0.20935821533203125,0.12099456787109375,0.346466064453125,0.30220794677734375,100,0.23290252685546875,0.18236541748046875,0.1736297607421875,0.23081207275390625,0.5662460327148438,0.5655517578125,1.8091049194335938,33411727360,21474836480,17416712192,0
200,1772042508561,8485.307998657227,3366.6666666666665,1,0.42500000000000004,114470.82151794434,4201,4201,4201,4201,4201,4201,4201,4201,4201,4201,4201,4201,4201,4201,4201,4201,0.8441162109375,0.5997314453125,0.09156036376953125,0.14669036865234375,0.07843780517578125,0.11710357666015625,0.08995819091796875,0.1125640869140625,100,0.1741790771484375,0.1256866455078125,0.30271148681640625,0.1434478759765625,0.16739654541015625,1.8998870849609375,0.6441879272460938,33411727360,21474836480,17579040768,0
200,1772042508762,8485.313201904297,3350,1,0.42500000000000004,114476.14811706543,4201,4201,4201,4201,4201,4201,4201,4201,4201,4201,4201,4201,4201,4201,4201,4201,0.8269424438476563,0.13288116455078125,0.093963623046875,0.0829315185546875,0.02779388427734375,0.07724761962890625,0.02350616455078125,0.11257171630859375,100,0.072906494140625,0.14296722412109375,0.1050872802734375,0.11017608642578125,0.14705657958984375,0.21222686767578125,0.31452178955078125,33411727360,21474836480,17729425408,0
200,1772042508962,8485.342483520508,3366.6666666666665,1,0.42500000000000004,114481.51345825195,4201,4201,4201,4201,4201,4201,4201,4201,4201,4201,4201,4201,4201,4201,4201,4201,0.218170166015625,0.5489883422851563,0.09853363037109375,0.38649749755859375,0.0825653076171875,0.0872039794921875,0.08391571044921875,0.10711669921875,100,0.08506011962890625,0.0984344482421875,0.114898681640625,0.18683624267578125,0.30153656005859375,2.435516357421875,2.8488006591796875,33411727360,21474836480,17899569152,0
200,1772042509163,8485.356826782227,3350,1,0.40625,114486.87742614746,4201,4201,4201,4201,4201,4201,4201,4201,4201,4201,4201,4201,4201,4201,4201,4201,2.3301925659179688,0.32680511474609375,0.132232666015625,0.21358489990234375,0.08319854736328125,0.10015869140625,0.09636688232421875,0.16614532470703125,100,0.22534942626953125,0.37184906005859375,0.1079864501953125,0.48097991943359375,0.2650604248046875,2.1299819946289063,0.7643966674804688,33411727360,21474836480,18064244736,0
200,1772042509363,8485.362365722656,3366.6666666666665,1,0.42500000000000004,114492.19961547852,4201,4201,4201,4201,4201,4201,4201,4201,4201,4201,4201,4201,4201,4201,4201,4201,0.170623779296875,0.2592315673828125,0.15566253662109375,0.41359710693359375,0.0839691162109375,0.13909149169921875,0.111907958984375,0.1441802978515625,100,0.18853759765625,0.1291656494140625,0.1485748291015625,0.15311431884765625,0.21672821044921875,0.45066070556640625,0.29006195068359375,33411727360,21474836480,18235748352,0
200,1772042509564,8485.371765136719,3366.6666666666665,1,0.41874999999999996,114497.53294372559,4201,4201,4201,4201,4201,4201,4201,4201,4201,4201,4201,4201,4201,4201,4201,4201,0.17241668701171875,0.43241119384765625,0.1266021728515625,0.09796142578125,0.05673980712890625,0.0811920166015625,0.0551910400390625,0.07151031494140625,100,0.07061004638671875,0.3889923095703125,0.16527557373046875,0.098907470703125,0.141326904296875,0.40341949462890625,1.51690673828125,33411727360,21474836480,18407116800,0
199,1772042509764,8485.380813598633,3366.6666666666665,1,0.42500000000000004,114502.85580444336,4201,4201,4201,4201,4201,4201,4201,4201,4201,4201,4201,4201,4201,4201,4201,4201,1.4299087524414063,0.36388397216796875,0.13739013671875,0.15522003173828125,0.09429168701171875,0.099884033203125,0.08974456787109375,0.13010406494140625,100,0.16396331787109375,0.10662841796875,0.11476898193359375,0.14992523193359375,0.18833160400390625,1.0897445678710938,0.25994873046875,33411727360,21474836480,18577248256,0
199,1772042509964,8485.399154663086,3350,1,0.3999999999999999,114508.22120666504,4201,4201,4201,4201,4201,4201,4201,4201,4201,4201,4201,4201,4201,4201,4201,4201,0.15909576416015625,0.12950897216796875,0.0785980224609375,0.11437225341796875,0.09378814697265625,0.078094482421875,0.06356048583984375,0.094482421875,100,0.11476898193359375,0.07430267333984375,0.0854949951171875,0.6195297241210938,0.13181304931640625,0.37279510498046875,3.2979583740234375,33411727360,21474836480,18747379712,0
200,1772042510164,8485.404739379883,3366.6666666666665,1,0.42500000000000004,114513.5883178711,4201,4201,4201,4201,4201,4201,4201,4201,4201,4201,4201,4201,4201,4201,4201,4201,1.4847869873046875,0.2705535888671875,0.11774444580078125,0.18653106689453125,0.0870208740234375,0.1340789794921875,0.137420654296875,0.15875244140625,100,1.5189056396484375,0.248870849609375,0.1172943115234375,0.1749420166015625,0.27884674072265625,1.02081298828125,0.8430252075195313,33411727360,21474836480,18915741696,0
200,1772042510364,8485.43147277832,3350,1,0.42500000000000004,114518.95976257324,4201,4201,4201,4201,4201,4201,4201,4201,4201,4201,4201,4201,4201,4201,4201,4201,0.5601348876953125,0.9424209594726563,0.3074798583984375,0.11975860595703125,0.07601165771484375,0.230926513671875,0.252197265625,0.1517181396484375,100,0.11450958251953125,0.14357757568359375,0.12509918212890625,0.22467803955078125,0.182830810546875,0.6001815795898438,2.906280517578125,33411727360,21474836480,19079913472,0
200,1772042510565,8485.43815612793,3350,1,0.40625,114524.32836914063,4201,4201,4201,4201,4201,4201,4201,4201,4201,4201,4201,4201,4201,4201,4201,4201,0.244171142578125,0.27203369140625,0.38043212890625,0.12837982177734375,0.1735687255859375,0.0887298583984375,0.14659881591796875,0.24816131591796875,100,0.0971221923828125,0.116790771484375,0.1150970458984375,0.163726806640625,0.1787567138671875,0.362060546875,1.7306060791015625,33411727360,21474836480,19249385472,0
200,1772042510765,8485.445388793945,3350,1,0.40625,114529.64079284668,4201,4201,4201,4201,4201,4201,4201,4201,4201,4201,4201,4201,4201,4201,4201,4201,1.287689208984375,0.154541015625,0.11468505859375,0.174774169921875,0.08176422119140625,0.104644775390625,0.079620361328125,0.0916595458984375,100,0.13121795654296875,0.09200286865234375,0.093902587890625,0.23441314697265625,0.19095611572265625,0.9316558837890625,0.4986419677734375,33411727360,21474836480,19419320320,0
200,1772042510965,8485.45132446289,3366.6666666666665,1,0.40625,114535.02354431152,4201,4201,4201,4201,4201,4201,4201,4201,4201,4201,4201,4201,4201,4201,4201,4201,0.17608642578125,0.4100494384765625,0.13921356201171875,0.15338134765625,0.07714080810546875,0.121246337890625,0.10303497314453125,0.107025146484375,100,0.09984588623046875,0.127532958984375,0.2360076904296875,0.16436004638671875,0.3317108154296875,0.6332321166992188,0.4721221923828125,33411727360,21474836480,19589410816,0
200,1772042511166,8485.461822509766,4020.0000000000005,1,0.40625,114540.36686706543,4201,4201,4201,4201,4201,4201,4201,4201,4201,4201,4201,4201,4201,4201,4201,4201,0.6233901977539063,1.069183349609375,0.1247100830078125,0.1040802001953125,0.08535003662109375,0.1071319580078125,0.096588134765625,0.10912322998046875,100,1.5895462036132813,0.1284027099609375,0.10982513427734375,0.11736297607421875,0.1627655029296875,2.0469741821289063,0.825714111328125,33411727360,21474836480,19758678016,0
200,1772042511366,8485.478988647461,4020.0000000000005,1,0.40625,114545.72741699219,4201,4201,4201,4201,4201,4201,4201,4201,4201,4201,4201,4201,4201,4201,4201,4201,2.27423095703125,0.6416015625,0.5305404663085938,0.3461761474609375,0.157318115234375,0.42730712890625,0.0879669189453125,0.117706298828125,100,0.177276611328125,0.12264251708984375,0.23455810546875,0.22647857666015625,0.36179351806640625,0.9454193115234375,1.9044036865234375,33411727360,21474836480,19929022464,0
200,1772042511566,8485.484619140625,4020.0000000000005,1,0.42500000000000004,114551.11288452148,4201,4201,4201,4201,4201,4201,4201,4201,4201,4201,4201,4201,4201,4201,4201,4201,0.1355743408203125,1.215545654296875,0.0688629150390625,0.07639312744140625,0.033782958984375,0.0617218017578125,0.06162261962890625,0.0716552734375,100,0.073699951171875,0.0592803955078125,0.05303955078125,0.0814361572265625,0.1058349609375,0.3424072265625,0.8101119995117188,33411727360,21474836480,20099391488,0
200,1772042511767,4689.576599121094,4040,1,0.40625,114556.58219909668,4201,4201,4201,4201,4201,4201,4201,4201,4201,4201,4201,4201,4201,4201,4201,4201,2.116424560546875,0.34755706787109375,0.959259033203125,0.35329437255859375,0.676055908203125,0.11623382568359375,0.2674407958984375,0.1155853271484375,100,0.36895751953125,0.341522216796875,0.3131866455078125,1.4363250732421875,0.233367919921875,1.575103759765625,1.1948776245117188,33411727360,21474836480,20262387712,0
200,1772042511967,8485.546752929688,3366.6666666666665,1,0.42500000000000004,114561.97555541992,4201,4201,4201,4201,4201,4201,4201,4201,4201,4201,4201,4201,4201,4201,4201,4201,0.5584564208984375,0.31772613525390625,0.13590240478515625,0.15883636474609375,0.11545562744140625,0.11510467529296875,0.13076019287109375,0.12233734130859375,100,0.11360931396484375,0.1231842041015625,0.1260223388671875,0.1175994873046875,0.6452865600585938,0.48329925537109375,2.8066024780273438,33411727360,21474836480,20433625088,0
200,1772042512168,8485.561477661133,3350,1,0.41874999999999996,114567.37756347656,4201,4201,4201,4201,4201,4201,4201,4201,4201,4201,4201,4201,4201,4201,4201,4201,1.1579360961914063,1.6317062377929688,0.12982177734375,0.15082550048828125,0.0921478271484375,0.1485748291015625,0.10092926025390625,0.14623260498046875,100,0.1121063232421875,0.12851715087890625,0.97528076171875,0.1627960205078125,0.3594207763671875,0.3905487060546875,2.8896713256835938,33411727360,21474836480,20603809792,0
199,1772042512368,8485.57601928711,3366.6666666666665,1,0.42500000000000004,114572.72860717773,4201,4201,4201,4201,4201,4201,4201,4201,4201,4201,4201,4201,4201,4201,4201,4201,1.61773681640625,0.345123291015625,0.275390625,0.28875732421875,0.10355377197265625,0.11003875732421875,0.09816741943359375,0.140960693359375,100,0.13028717041015625,0.12041473388671875,0.14510345458984375,0.26396942138671875,0.4137115478515625,1.120025634765625,0.9665451049804688,33411727360,21474836480,20774383616,0
200,1772042512568,8485.583602905273,4020.0000000000005,1,0.40625,114578.06967163086,4201,4201,4201,4201,4201,4201,4201,4201,4201,4201,4201,4201,4201,4201,4201,4201,0.2321319580078125,0.2354278564453125,0.127960205078125,0.1015777587890625,0.07494354248046875,0.116363525390625,0.16342926025390625,0.15448760986328125,100,0.1723785400390625,0.36023712158203125,0.1107177734375,0.10622406005859375,0.163482666015625,1.43731689453125,0.6169052124023438,33411727360,21474836480,20944510976,0
199,1772042512769,8485.589828491211,4020.0000000000005,1,0.42500000000000004,114583.43092346191,4201,4201,4201,4201,4201,4201,4201,4201,4201,4201,4201,4201,4201,4201,4201,4201,0.6478347778320313,0.22455596923828125,0.13103485107421875,0.306610107421875,0.1658477783203125,0.08614349365234375,0.182159423828125,0.28466033935546875,100,0.11801910400390625,0.1246490478515625,0.14589691162109375,0.1610107421875,0.24774932861328125,0.9541473388671875,0.5502243041992188,33411727360,21474836480,21114966016,0
200,1772042512969,8485.601211547852,3350,1,0.40625,114588.78213500977,4201,4201,4201,4201,4201,4201,4201,4201,4201,4201,4201,4201,4201,4201,4201,4201,1.1148605346679688,0.40167999267578125,0.10541534423828125,0.141387939453125,0.07608795166015625,0.1201019287109375,0.1071624755859375,0.11510467529296875,100,0.13419342041015625,0.374603271484375,0.12270355224609375,0.1404876708984375,0.1898956298828125,0.7590408325195313,1.8658065795898438,33411727360,21474836480,21285150720,0
200,1772042513170,4689.63020324707,4020.0000000000005,1,0.40625,114594.14294433594,4201,4201,4201,4201,4201,4201,4201,4201,4201,4201,4201,4201,4201,4201,4201,4201,0.44208526611328125,0.5147171020507813,0.08844757080078125,0.09513092041015625,0.03955841064453125,0.10750579833984375,0.31333160400390625,0.047637939453125,100,0.09403228759765625,0.9847335815429688,0.07143402099609375,0.1439208984375,0.0909881591796875,2.3452987670898438,0.6768951416015625,33411727360,21474836480,21455425536,0
200,1772042513370,8485.631530761719,3350,1,0.41874999999999996,114599.49603271484,4201,4201,4201,4201,4201,4201,4201,4201,4201,4201,4201,4201,4201,4201,4201,4201,2.0753402709960938,0.5125885009765625,0.16284942626953125,0.22625732421875,0.18544769287109375,0.20580291748046875,0.1533203125,0.1500244140625,100,5.406944274902344,0.19078826904296875,0.19936370849609375,0.2998504638671875,0.26911163330078125,1.7989349365234375,0.41130828857421875,33411727360,21474836480,21614252032,0
200,1772042513570,8485.635635375977,4040,1,0.42500000000000004,114604.84013366699,4201,4201,4201,4201,4201,4201,4201,4201,4201,4201,4201,4201,4201,4201,4201,4201,0.5265121459960938,0.3935089111328125,0.128265380859375,0.07550048828125,0.0660247802734375,0.159027099609375,0.08916473388671875,0.09679412841796875,100,0.1167449951171875,0.08782196044921875,0.09844207763671875,0.13210296630859375,0.14756011962890625,0.4172515869140625,0.71441650390625,33411727360,21474836480,21785038848,0
200,1772042513771,8485.642974853516,4020.0000000000005,1,0.41874999999999996,114610.1817779541,4201,4201,4201,4201,4201,4201,4201,4201,4201,4201,4201,4201,4201,4201,4201,4201,0.2235870361328125,0.15663909912109375,0.10126495361328125,0.142669677734375,0.46717071533203125,0.114288330078125,0.1034088134765625,0.1273040771484375,100,0.1383819580078125,0.10784912109375,0.108154296875,0.1256103515625,0.16756439208984375,1.0348129272460938,1.3673477172851563,33411727360,21474836480,21955100672,0
200,1772042513971,8485.6513671875,3233.3333333333335,1,0.53125,114615.28065490723,4201,4201,4201,4201,4201,4201,4201,4201,4201,4201,4201,4201,4201,4201,4201,4201,1.466522216796875,0.120361328125,0.1574249267578125,0.14630126953125,0.0497283935546875,0.10944366455078125,0.07851409912109375,0.112335205078125,26.211036682128906,74.10626220703125,0.0889892578125,0.0902862548828125,0.156280517578125,0.23484039306640625,0.9979782104492188,0.4681396484375,33411727360,21474836480,22061867008,0
199,1772042514172,8485.665756225586,3233.3333333333335,1,0.53125,114619.96797180176,4201,4201,4201,4201,4201,4201,4201,4201,4201,4201,4201,4201,4201,4201,4201,4201,1.340667724609375,0.30811309814453125,0.1623077392578125,0.132843017578125,0.14041900634765625,0.1239166259765625,0.20654296875,0.42923736572265625,0.3094635009765625,100,0.385009765625,0.1313934326171875,0.20055389404296875,0.20793914794921875,3.5155792236328125,1.14434814453125,33411727360,21474836480,22062903296,0
200,1772042514372,8485.675064086914,4040,1,0.42500000000000004,114625.11087036133,4201,4201,4201,4201,4201,4201,4201,4201,4201,4201,4201,4201,4201,4201,4201,4201,0.5136260986328125,0.44486236572265625,0.1486053466796875,0.1422576904296875,0.0669097900390625,0.16839599609375,0.1578521728515625,0.18563079833984375,0.3224945068359375,100,0.1447601318359375,0.12906646728515625,0.11777496337890625,0.35587310791015625,1.1757965087890625,0.621307373046875,33411727360,21474836480,22062891008,0
200,1772042514572,8485.692031860352,4040,1,0.42500000000000004,114630.71434020996,4201,4201,4201,4201,4201,4201,4201,4201,4201,4201,4201,4201,4201,4201,4201,4201,0.9512557983398438,0.567352294921875,0.143218994140625,0.20111083984375,0.07665252685546875,0.13364410400390625,0.1463165283203125,0.1808013916015625,0.3138885498046875,100,0.115325927734375,0.28978729248046875,0.13758087158203125,0.4511260986328125,0.39513397216796875,2.2287750244140625,33411727360,21474836480,22063022080,0
199,1772042514773,8485.699508666992,3366.6666666666665,1,0.42500000000000004,114636.28561401367,4201,4201,4201,4201,4201,4201,4201,4201,4201,4201,4201,4201,4201,4201,4201,4201,0.20987701416015625,0.22802734375,0.0902557373046875,0.1240081787109375,0.0696563720703125,0.12066650390625,0.22393798828125,0.10959625244140625,1.8283767700195313,100,0.10845184326171875,0.13936614990234375,0.1148834228515625,0.167388916015625,0.5753707885742188,0.4578399658203125,33411727360,21474836480,22063005696,0
200,1772042514973,8485.72868347168,4850,0,0.53125,114641.08262634277,4201,4201,4201,4201,4201,4201,4201,4201,4201,4201,4201,4201,4201,4201,4201,4201,1.4558029174804688,0.335235595703125,0.4182281494140625,0.2837677001953125,0.21891021728515625,0.180633544921875,0.2723236083984375,0.2341461181640625,0.2892608642578125,100,0.2326507568359375,0.492584228515625,0.21511077880859375,0.28116607666015625,1.078948974609375,3.0625152587890625,33411727360,21474836480,22063005696,0
200,1772042515173,8485.736251831055,3366.6666666666665,1,0.41874999999999996,114646.36012268066,4201,4201,4201,4201,4201,4201,4201,4201,4201,4201,4201,4201,4201,4201,4201,4201,0.34333038330078125,0.297576904296875,0.10825347900390625,0.11154937744140625,0.043060302734375,0.06119537353515625,0.06298828125,0.3361358642578125,1.8905487060546875,100,0.14167022705078125,0.05759429931640625,0.12528228759765625,0.1284332275390625,0.3775482177734375,1.05377197265625,33411727360,21474836480,22062977024,0
200,1772042515374,8485.75373840332,3366.6666666666665,1,0.42500000000000004,114651.46885681152,4201,4201,4201,4201,4201,4201,4201,4201,4201,4201,4201,4201,4201,4201,4201,4201,0.5279083251953125,0.4194488525390625,0.47307586669921875,0.35318756103515625,0.32717132568359375,0.28357696533203125,0.24127960205078125,0.4865570068359375,0.5041351318359375,100,0.2146148681640625,0.5154190063476563,0.4849090576171875,0.5170211791992188,0.8013916015625,2.7171707153320313,33411727360,21474836480,22062977024,0
199,1772042515574,8485.764038085938,3366.6666666666665,1,0.41874999999999996,114656.58923339844,4201,4201,4201,4201,4201,4201,4201,4201,4201,4201,4201,4201,4201,4201,4201,4201,1.4130630493164063,0.35341644287109375,0.2745819091796875,0.3746185302734375,0.1781768798828125,0.1768341064453125,0.14684295654296875,0.20671844482421875,0.34897613525390625,100,0.13397216796875,0.16310882568359375,0.41119384765625,0.398223876953125,1.190826416015625,0.9116058349609375,33411727360,21474836480,22063042560,0
199,1772042515774,8485.773056030273,4040,1,0.41874999999999996,114661.71412658691,4201,4201,4201,4201,4201,4201,4201,4201,4201,4201,4201,4201,4201,4201,4201,4201,0.4727020263671875,0.32857513427734375,0.1990814208984375,0.22226715087890625,0.1144561767578125,0.190643310546875,0.165313720703125,0.1913909912109375,0.5668716430664063,100,0.15067291259765625,0.1799468994140625,0.31488800048828125,0.3582000732421875,0.44982147216796875,1.93243408203125,33411727360,21474836480,22063030272,0
199,1772042515974,8485.792053222656,4040,1,0.42500000000000004,114666.94139099121,4201,4201,4201,4201,4201,4201,4201,4201,4201,4201,4201,4201,4201,4201,4201,4201,0.7556533813476563,0.45865631103515625,0.266357421875,0.2265777587890625,0.5027389526367188,0.22308349609375,0.0873565673828125,0.18060302734375,0.32712554931640625,100,0.0993499755859375,0.14032745361328125,0.47875213623046875,0.35346221923828125,1.1747360229492188,2.1757583618164063,33411727360,21474836480,22063316992,0
200,1772042516174,8485.801330566406,3233.3333333333335,1,0.53125,114671.93048095703,4201,4201,4201,4201,4201,4201,4201,4201,4201,4201,4201,4201,4201,4201,4201,4201,0.8712615966796875,0.470001220703125,0.23065185546875,0.17110443115234375,0.0906219482421875,0.12738800048828125,0.1004180908203125,0.1551666259765625,0.3294677734375,100,0.1034088134765625,0.1126556396484375,0.25643157958984375,0.1844940185546875,0.4195404052734375,2.3753814697265625,33411727360,21474836480,22064103424,0
200,1772042516375,8485.812698364258,3366.6666666666665,1,0.4125000000000001,114676.59391784668,4201,4201,4201,4201,4201,4201,4201,4201,4201,4201,4201,4201,4201,4201,4201,4201,0.4954376220703125,0.66241455078125,0.2486419677734375,0.23685455322265625,0.14774322509765625,0.3255615234375,0.19614410400390625,0.21292877197265625,0.37111663818359375,100,0.1031951904296875,0.17417144775390625,1.1224822998046875,0.49853515625,1.2803726196289063,1.6746597290039063,33411727360,21474836480,20705673216,0
200,1772042516575,8485.840316772461,4040,1,0.4125000000000001,114681.83805847168,4201,4201,4201,4201,4201,4201,4201,4201,4201,4201,4201,4201,4201,4201,4201,4201,1.712921142578125,0.8034286499023438,0.1849365234375,0.2455291748046875,0.112457275390625,0.1728057861328125,0.16956329345703125,0.42133331298828125,63.155967712402344,36.7110595703125,0.16422271728515625,0.1688079833984375,0.47283935546875,0.25356292724609375,1.0839996337890625,3.534210205078125,33411727360,21474836480,16263213056,0
200,1772042516775,4689.756103515625,3366.6666666666665,1,0.40625,114686.98258972168,4201,4201,4201,4201,4201,4201,4201,4201,4201,4201,4201,4201,4201,4201,4201,4201,0.20168304443359375,0.271087646484375,0.01932525634765625,0.01662445068359375,0.18724822998046875,0,0.00334930419921875,0,100,1.6148605346679688,0.10166168212890625,0,0,0.0648651123046875,0.07140350341796875,0.38913726806640625,33411727360,21474836480,15364517888,0
200,1772042516976,8485.84945678711,3366.6666666666665,1,0.4125000000000001,114692.13497924805,4201,4201,4201,4201,4201,4201,4201,4201,4201,4201,4201,4201,4201,4201,4201,4201,0.25555419921875,0.27831268310546875,0.2417755126953125,0.29123687744140625,0.45066070556640625,0.179931640625,0.30811309814453125,0.17319488525390625,100,0.2649383544921875,0.197357177734375,0.17668914794921875,0.19840240478515625,0.1946563720703125,0.7837753295898438,0.358673095703125,33411727360,21474836480,14466617344,0
199,1772042517176,8485.871047973633,3366.6666666666665,1,0.38749999999999996,114698.1198425293,4201,4201,4201,4201,4201,4201,4201,4201,4201,4201,4201,4201,4201,4201,4201,4201,1.9400405883789063,0.5192642211914063,0.0833740234375,0.29393768310546875,0.09529876708984375,0.0438079833984375,0.1061248779296875,0.130523681640625,100,0.2107086181640625,0.11046600341796875,64.67465209960938,0.18546295166015625,0.22702789306640625,2.603302001953125,2.2288894653320313,33411727360,21474836480,14015561728,0
200,1772042517376,8485.889511108398,4040,1,0.40625,114703.64587402344,4201,4201,4201,4201,4201,4201,4201,4201,4201,4201,4201,4201,4201,4201,4201,4201,0.3983917236328125,0.6497955322265625,0.2942352294921875,0.2605438232421875,0.282440185546875,0.2182159423828125,0.29323577880859375,0.255096435546875,100,0.4668121337890625,0.5712203979492188,27.833641052246094,0.5482330322265625,0.36865234375,0.74615478515625,3.177642822265625,33411727360,21474836480,13281873920,0
200,1772042517577,8485.911224365234,4040,1,0.41874999999999996,114708.86534118652,4201,4201,4201,4201,4201,4201,4201,4201,4201,4201,4201,4201,4201,4201,4201,4201,2.1897048950195313,0.53924560546875,0.10671234130859375,0.3332061767578125,0.11449432373046875,0.179595947265625,0.1171875,0.165130615234375,100,0.126220703125,0.1008758544921875,0.13060760498046875,0.2139739990234375,0.31255340576171875,2.2943267822265625,0.8870697021484375,33411727360,21474836480,12389937152,0
200,1772042517777,8485.930618286133,3366.6666666666665,1,0.41874999999999996,114713.97583007813,4201,4201,4201,4201,4201,4201,4201,4201,4201,4201,4201,4201,4201,4201,4201,4201,0.810760498046875,0.5065078735351563,0.112091064453125,0.10030364990234375,0.05414581298828125,0.08167266845703125,0.114837646484375,0.06743621826171875,99.74899291992188,0.13646697998046875,0.08606719970703125,0.09206390380859375,0.40790557861328125,0.15345001220703125,2.959381103515625,0.5106048583984375,33411727360,21474836480,11529551872,0
200,1772042517977,8485.951095581055,3366.6666666666665,1,0.41874999999999996,114719.10792541504,4201,4201,4201,4201,4201,4201,4201,4201,4201,4201,4201,4201,4201,4201,4201,4201,0.134979248046875,1.13934326171875,0.16686248779296875,0.1692047119140625,0.075347900390625,0.07988739013671875,0.08013916015625,0.18422698974609375,100,0.25278472900390625,0.0731048583984375,0.1128692626953125,0.134979248046875,0.11556243896484375,0.5651016235351563,2.1144638061523438,33411727360,21474836480,10669633536,0
200,1772042518178,8485.966598510742,4040,1,0.38749999999999996,114724.93399047852,4201,4201,4201,4201,4201,4201,4201,4201,4201,4201,4201,4201,4201,4201,4201,4201,1.63104248046875,0.4272003173828125,0.13892364501953125,0.2010498046875,0.13927459716796875,0.08003997802734375,0.08892059326171875,0.07964324951171875,100,0.0893707275390625,0.18637847900390625,0.12081146240234375,0.19286346435546875,65.44453430175781,3.5320968627929688,1.12750244140625,33411727360,21474836480,9962381312,0
199,1772042518378,8485.980438232422,3350,1,0.3999999999999999,114731.0386505127,4201,4201,4201,4201,4201,4201,4201,4201,4201,4201,4201,4201,4201,4201,4201,4201,0.2449188232421875,0.40071868896484375,0.25699615478515625,0.23004913330078125,0.20993804931640625,0.5107498168945313,0.157989501953125,0.1769561767578125,100,0.29497528076171875,0.21582794189453125,0.336639404296875,0.49383544921875,100,0.4755706787109375,2.7910003662109375,33411727360,21474836480,9187459072,0
200,1772042518578,8485.986129760742,3350,1,0.3999999999999999,114737.11526489258,4201,4201,4201,4201,4201,4201,4201,4201,4201,4201,4201,4201,4201,4201,4201,4201,0.6089096069335938,0.6709136962890625,0.41774749755859375,0.1942596435546875,0.098480224609375,0.0924835205078125,0.129302978515625,0.109619140625,100,0.32286834716796875,0.1446990966796875,0.22798919677734375,7.3827667236328125,92.8193359375,0.5153274536132813,1.05633544921875,33411727360,21474836480,8410443776,0
199,1772042518778,8486.026565551758,3366.6666666666665,1,0.40625,114742.79429626465,4201,4201,4201,4201,4201,4201,4201,4201,4201,4201,4201,4201,4201,4201,4201,4201,1.7287139892578125,0.5471267700195313,0.26512908935546875,0.21897125244140625,0.13019561767578125,0.15828704833984375,0.1624298095703125,0.1494598388671875,100,1.8028182983398438,0.1627349853515625,0.22934722900390625,49.55292510986328,0.3504638671875,3.5855331420898438,0.663299560546875,33411727360,21474836480,7586357248,0
200,1772042518979,8486.043273925781,3366.6666666666665,1,0.40625,114747.88330078125,4201,4201,4201,4201,4201,4201,4201,4201,4201,4201,4201,4201,4201,4201,4201,4201,0.22403717041015625,0.21854400634765625,0.22324371337890625,0.2148895263671875,0.2454376220703125,0.1261138916015625,0.0927734375,0.1201171875,100,0.2003936767578125,0.4949188232421875,0.33341217041015625,0.1342620849609375,0.336761474609375,0.5962448120117188,1.70794677734375,33411727360,21474836480,6714052608,0
200,1772042519179,8486.051483154297,3366.6666666666665,1,0.38749999999999996,114753.60284423828,4201,4201,4201,4201,4201,4201,4201,4201,4201,4201,4201,4201,4201,4201,4201,4201,66.09220123291016,0.15212249755859375,0.1577606201171875,0.4070587158203125,0.16944122314453125,0.1138916015625,0.1015167236328125,0.13311004638671875,100,0.10845184326171875,0.10660552978515625,0.1214752197265625,0.2360687255859375,0.30344390869140625,2.0895233154296875,0.8463516235351563,33411727360,21474836480,5907767296,0
200,1772042519379,8486.056030273438,4040,1,0.38749999999999996,114759.6586303711,4201,4201,4201,4201,4201,4201,4201,4201,4201,4201,4201,4201,4201,4201,4201,4201,100,0.19646453857421875,0.20615386962890625,0.24868011474609375,0.17360687255859375,0.125335693359375,0.15758514404296875,0.153839111328125,100,2.6630401611328125,0.16796875,0.23011016845703125,0.30992889404296875,0.38649749755859375,0.45886993408203125,0.6044769287109375,33411727360,21474836480,5120180224,0
0,1772042519580,10284.015380859375,3600,1,0.85625,114764.84257507324,4201,4201,4201,4201,4201,4201,4201,4201,4201,4201,4201,4201,4201,4201,4201,4201,23.768402099609375,0.7308731079101563,0.1948394775390625,0.15332794189453125,0.11226654052734375,0.14923858642578125,0.21450042724609375,0.16046142578125,88.03097534179688,0.19234466552734375,0.22911834716796875,0.15338134765625,0.39996337890625,0.42950439453125,1.1033935546875,3.3608245849609375,33411727360,21474836480,4307025920,0
